[{"id":"user-image-logo-20.png","publicUrl":"np://user.desktop.nicepage.com/Site_174024501/images/logo-20.png","size":53504,"fileName":"logo-20.png","name":"logo-20","width":1955,"height":562,"thumbnail":{"url":"np://user.desktop.nicepage.com/Site_174024501/images/thumbnails/logo-20.png","width":250,"height":72}},{"id":"user-image-CopyofMerlinPresentation.jpg","publicUrl":"np://user.desktop.nicepage.com/Site_174024501/images/CopyofMerlinPresentation.jpg","size":232884,"fileName":"CopyofMerlinPresentation.jpg","name":"CopyofMerlinPresentation","width":1920,"height":1080,"thumbnail":{"url":"np://user.desktop.nicepage.com/Site_174024501/images/thumbnails/CopyofMerlinPresentation.jpg","width":250,"height":141}},{"id":"user-image-CopyofMerlinPresentation2.jpg","publicUrl":"np://user.desktop.nicepage.com/Site_174024501/images/CopyofMerlinPresentation2.jpg","size":138277,"fileName":"CopyofMerlinPresentation2.jpg","name":"CopyofMerlinPresentation2","width":1011,"height":1076,"thumbnail":{"url":"np://user.desktop.nicepage.com/Site_174024501/images/thumbnails/CopyofMerlinPresentation2.jpg","width":235,"height":250}},{"id":"user-image-511587.png","publicUrl":"np://user.desktop.nicepage.com/Site_174024501/images/511587.png","size":3637,"fileName":"511587.png","name":"511587","width":128,"height":128,"thumbnail":{"url":"np://user.desktop.nicepage.com/Site_174024501/images/thumbnails/511587.png","width":128,"height":128,"length":3637,"type":"png"}},{"id":"user-image-CopyofMerlinPresentation3.jpg","publicUrl":"np://user.desktop.nicepage.com/Site_174024501/images/CopyofMerlinPresentation3.jpg","size":83900,"fileName":"CopyofMerlinPresentation3.jpg","name":"CopyofMerlinPresentation3","width":1797,"height":1077,"thumbnail":{"url":"np://user.desktop.nicepage.com/Site_174024501/images/thumbnails/CopyofMerlinPresentation3.jpg","width":250,"height":150}},{"id":"user-image-CopyofMerlinPresentation4.jpg","publicUrl":"np://user.desktop.nicepage.com/Site_174024501/images/CopyofMerlinPresentation4.jpg","size":71810,"fileName":"CopyofMerlinPresentation4.jpg","name":"CopyofMerlinPresentation4","width":1920,"height":1080,"thumbnail":{"url":"np://user.desktop.nicepage.com/Site_174024501/images/thumbnails/CopyofMerlinPresentation4.jpg","width":250,"height":141}},{"id":"user-image-CopyofMerlinPresentation21.jpg","publicUrl":"np://user.desktop.nicepage.com/Site_174024501/images/CopyofMerlinPresentation21.jpg","size":39472,"fileName":"CopyofMerlinPresentation21.jpg","name":"CopyofMerlinPresentation21","width":368,"height":476,"thumbnail":{"url":"np://user.desktop.nicepage.com/Site_174024501/images/thumbnails/CopyofMerlinPresentation21.jpg","width":193,"height":250}},{"id":"user-image-CopyofMerlinPresentation5.jpg","publicUrl":"np://user.desktop.nicepage.com/Site_174024501/images/CopyofMerlinPresentation5.jpg","size":276447,"fileName":"CopyofMerlinPresentation5.jpg","name":"CopyofMerlinPresentation5","width":1920,"height":1080,"thumbnail":{"url":"np://user.desktop.nicepage.com/Site_174024501/images/thumbnails/CopyofMerlinPresentation5.jpg","width":250,"height":141}},{"id":"user-image-COMMUNICATIONSANDDIGITISATIONLOGOS-011.png","publicUrl":"np://user.desktop.nicepage.com/Site_174024501/images/COMMUNICATIONSANDDIGITISATIONLOGOS-011.png","size":211577,"fileName":"COMMUNICATIONSANDDIGITISATIONLOGOS-011.png","name":"COMMUNICATIONSANDDIGITISATIONLOGOS-011","width":2582,"height":666,"thumbnail":{"url":"np://user.desktop.nicepage.com/Site_174024501/images/thumbnails/COMMUNICATIONSANDDIGITISATIONLOGOS-011.png","width":250,"height":64}},{"id":"user-image-image.png","publicUrl":"np://user.desktop.nicepage.com/Site_174024501/images/image.png","size":61453,"fileName":"image.png","name":"image","width":221,"height":342,"thumbnail":{"url":"np://user.desktop.nicepage.com/Site_174024501/images/thumbnails/image.png","width":162,"height":250}},{"id":"user-image-works-06.jpg","publicUrl":"np://user.desktop.nicepage.com/Site_174024501/images/works-06.jpg","size":687007,"fileName":"works-06.jpg","name":"works-06","width":5952,"height":1962,"thumbnail":{"url":"np://user.desktop.nicepage.com/Site_174024501/images/thumbnails/works-06.jpg","width":250,"height":82}},{"id":"user-image-download2.png","publicUrl":"np://user.desktop.nicepage.com/Site_174024501/images/download2.png","size":2818,"fileName":"download2.png","name":"download2","width":350,"height":80,"thumbnail":{"url":"np://user.desktop.nicepage.com/Site_174024501/images/thumbnails/download2.png","width":250,"height":57}},{"id":"user-image-smartdesign.png","publicUrl":"np://user.desktop.nicepage.com/Site_174024501/images/smartdesign.png","size":212370,"fileName":"smartdesign.png","name":"smartdesign","width":3249,"height":1097,"thumbnail":{"url":"np://user.desktop.nicepage.com/Site_174024501/images/thumbnails/smartdesign.png","width":250,"height":84}},{"id":"user-image-trailblazers-15.png","publicUrl":"np://user.desktop.nicepage.com/Site_174024501/images/trailblazers-15.png","size":77171,"fileName":"trailblazers-15.png","name":"trailblazers-15","width":1646,"height":1007,"thumbnail":{"url":"np://user.desktop.nicepage.com/Site_174024501/images/thumbnails/trailblazers-15.png","width":250,"height":153}},{"id":"user-image-sadralg.png","publicUrl":"np://user.desktop.nicepage.com/Site_174024501/images/sadralg.png","size":572727,"fileName":"sadralg.png","name":"sadralg","width":2668,"height":1194,"thumbnail":{"url":"np://user.desktop.nicepage.com/Site_174024501/images/thumbnails/sadralg.png","width":250,"height":112}},{"id":"user-image-12240487_425030151034531_8186545159160088969_o.png","publicUrl":"np://user.desktop.nicepage.com/Site_174024501/images/12240487_425030151034531_8186545159160088969_o.png","size":118250,"fileName":"12240487_425030151034531_8186545159160088969_o.png","name":"12240487_425030151034531_8186545159160088969_o","width":1866,"height":1195,"thumbnail":{"url":"np://user.desktop.nicepage.com/Site_174024501/images/thumbnails/12240487_425030151034531_8186545159160088969_o.png","width":250,"height":160}},{"id":"user-image-jonaspix.png","publicUrl":"np://user.desktop.nicepage.com/Site_174024501/images/jonaspix.png","size":1127712,"fileName":"jonaspix.png","name":"jonaspix","width":6400,"height":2969,"thumbnail":{"url":"np://user.desktop.nicepage.com/Site_174024501/images/thumbnails/jonaspix.png","width":250,"height":116}},{"id":"user-image-277031030_540473807726911_822766016132669106_n.jpg","publicUrl":"np://user.desktop.nicepage.com/Site_174024501/images/277031030_540473807726911_822766016132669106_n.jpg","size":23302,"fileName":"277031030_540473807726911_822766016132669106_n.jpg","name":"277031030_540473807726911_822766016132669106_n","width":138,"height":77,"thumbnail":{"url":"np://user.desktop.nicepage.com/Site_174024501/images/thumbnails/277031030_540473807726911_822766016132669106_n.jpg","height":77,"width":138,"length":23302,"type":"jpg"}},{"id":"user-image-WhatsAppImage2022-09-16at11.02.081.jpg","publicUrl":"np://user.desktop.nicepage.com/Site_174024501/images/WhatsAppImage2022-09-16at11.02.081.jpg","size":61610,"fileName":"WhatsAppImage2022-09-16at11.02.081.jpg","name":"WhatsAppImage2022-09-16at11.02.081","width":995,"height":429,"thumbnail":{"url":"np://user.desktop.nicepage.com/Site_174024501/images/thumbnails/WhatsAppImage2022-09-16at11.02.081.jpg","width":250,"height":108}},{"id":"user-image-mock1.jpg","publicUrl":"np://user.desktop.nicepage.com/Site_174024501/images/mock1.jpg","size":200827,"fileName":"mock1.jpg","name":"mock1","width":3000,"height":2000,"thumbnail":{"url":"np://user.desktop.nicepage.com/Site_174024501/images/thumbnails/mock1.jpg","width":250,"height":167}},{"id":"user-image-WhatsAppImage2022-12-01at10.32.162.jpeg","publicUrl":"np://user.desktop.nicepage.com/Site_174024501/images/WhatsAppImage2022-12-01at10.32.162.jpeg","size":81726,"fileName":"WhatsAppImage2022-12-01at10.32.162.jpeg","name":"WhatsAppImage2022-12-01at10.32.162","width":1080,"height":756,"thumbnail":{"url":"np://user.desktop.nicepage.com/Site_174024501/images/thumbnails/WhatsAppImage2022-12-01at10.32.162.jpeg","width":250,"height":175}},{"id":"user-image-trailblazers-10.jpg","publicUrl":"np://user.desktop.nicepage.com/Site_174024501/images/trailblazers-10.jpg","size":324692,"fileName":"trailblazers-10.jpg","name":"trailblazers-10","width":1568,"height":1713,"thumbnail":{"url":"np://user.desktop.nicepage.com/Site_174024501/images/thumbnails/trailblazers-10.jpg","width":229,"height":250}},{"id":"user-image-WhatsAppImage2022-12-01at10.32.161.jpeg","publicUrl":"np://user.desktop.nicepage.com/Site_174024501/images/WhatsAppImage2022-12-01at10.32.161.jpeg","size":223412,"fileName":"WhatsAppImage2022-12-01at10.32.161.jpeg","name":"WhatsAppImage2022-12-01at10.32.161","width":1080,"height":810,"thumbnail":{"url":"np://user.desktop.nicepage.com/Site_174024501/images/thumbnails/WhatsAppImage2022-12-01at10.32.161.jpeg","width":250,"height":188}},{"id":"user-image-WhatsAppImage2022-11-18at1.12.16PM.jpg","publicUrl":"np://user.desktop.nicepage.com/Site_174024501/images/WhatsAppImage2022-11-18at1.12.16PM.jpg","size":146845,"fileName":"WhatsAppImage2022-11-18at1.12.16PM.jpg","name":"WhatsAppImage2022-11-18at1.12.16PM","width":1080,"height":720,"thumbnail":{"url":"np://user.desktop.nicepage.com/Site_174024501/images/thumbnails/WhatsAppImage2022-11-18at1.12.16PM.jpg","width":250,"height":167}},{"id":"user-image-WhatsAppImage2022-12-01at10.32.163.jpeg","publicUrl":"np://user.desktop.nicepage.com/Site_174024501/images/WhatsAppImage2022-12-01at10.32.163.jpeg","size":292474,"fileName":"WhatsAppImage2022-12-01at10.32.163.jpeg","name":"WhatsAppImage2022-12-01at10.32.163","width":763,"height":1080,"thumbnail":{"url":"np://user.desktop.nicepage.com/Site_174024501/images/thumbnails/WhatsAppImage2022-12-01at10.32.163.jpeg","width":177,"height":250}},{"id":"user-image-WhatsAppImage2022-12-01at10.32.16.jpeg","publicUrl":"np://user.desktop.nicepage.com/Site_174024501/images/WhatsAppImage2022-12-01at10.32.16.jpeg","size":92154,"fileName":"WhatsAppImage2022-12-01at10.32.16.jpeg","name":"WhatsAppImage2022-12-01at10.32.16","width":1080,"height":719,"thumbnail":{"url":"np://user.desktop.nicepage.com/Site_174024501/images/thumbnails/WhatsAppImage2022-12-01at10.32.16.jpeg","width":250,"height":166}},{"id":"user-image-WhatsAppImage2022-12-01at10.32.164.jpeg","publicUrl":"np://user.desktop.nicepage.com/Site_174024501/images/WhatsAppImage2022-12-01at10.32.164.jpeg","size":216332,"fileName":"WhatsAppImage2022-12-01at10.32.164.jpeg","name":"WhatsAppImage2022-12-01at10.32.164","width":1080,"height":720,"thumbnail":{"url":"np://user.desktop.nicepage.com/Site_174024501/images/thumbnails/WhatsAppImage2022-12-01at10.32.164.jpeg","width":250,"height":167}},{"id":"user-image-CopyofMerlinPresentation6.jpg","publicUrl":"np://user.desktop.nicepage.com/Site_174024501/images/CopyofMerlinPresentation6.jpg","size":159748,"fileName":"CopyofMerlinPresentation6.jpg","name":"CopyofMerlinPresentation6","width":1920,"height":1080,"thumbnail":{"url":"np://user.desktop.nicepage.com/Site_174024501/images/thumbnails/CopyofMerlinPresentation6.jpg","width":250,"height":141}},{"id":"user-image-logo-24.png","publicUrl":"np://user.desktop.nicepage.com/Site_174024501/images/logo-24.png","size":34810,"fileName":"logo-24.png","name":"logo-24","width":1955,"height":562,"thumbnail":{"url":"np://user.desktop.nicepage.com/Site_174024501/images/thumbnails/logo-24.png","width":250,"height":72}},{"id":"user-image-8748362.png","publicUrl":"np://user.desktop.nicepage.com/Site_174024501/images/8748362.png","size":3440,"fileName":"8748362.png","name":"8748362","width":128,"height":128,"thumbnail":{"url":"np://user.desktop.nicepage.com/Site_174024501/images/thumbnails/8748362.png","width":128,"height":128,"length":3440,"type":"png"}},{"id":"user-image-331810.png","publicUrl":"np://user.desktop.nicepage.com/Site_174024501/images/331810.png","size":3011,"fileName":"331810.png","name":"331810","width":128,"height":128,"thumbnail":{"url":"np://user.desktop.nicepage.com/Site_174024501/images/thumbnails/331810.png","width":128,"height":128,"length":3011,"type":"png"}},{"id":"user-image-3178158.png","publicUrl":"np://user.desktop.nicepage.com/Site_174024501/images/3178158.png","size":2951,"fileName":"3178158.png","name":"3178158","width":128,"height":128,"thumbnail":{"url":"np://user.desktop.nicepage.com/Site_174024501/images/thumbnails/3178158.png","width":128,"height":128,"length":2951,"type":"png"}},{"id":"user-image-CopyofMerlinPresentation8.png","publicUrl":"np://user.desktop.nicepage.com/Site_174024501/images/CopyofMerlinPresentation8.png","size":190796,"fileName":"CopyofMerlinPresentation8.png","name":"CopyofMerlinPresentation8","width":1131,"height":269,"thumbnail":{"url":"np://user.desktop.nicepage.com/Site_174024501/images/thumbnails/CopyofMerlinPresentation8.png","width":250,"height":59}}]